{"cameraMode":{"drawMode":0,"name":"Shaded","section":"Shading Mode"},"sceneLighting":false,"audioPlay":false,"sceneViewState":{"showFog":true,"showMaterialUpdate":true,"showSkybox":true,"showFlares":true,"showImageEffects":true,"showParticleSystems":true},"in2DMode":false,"pivot":{"x":13.443981170654297,"y":-7.501077651977539,"z":-33.2833366394043},"rotation":{"x":0.0885198563337326,"y":0.8843716979026794,"z":-0.1871141493320465,"w":0.4183771014213562},"size":48.91911315917969,"orthographic":false}