{"cameraMode":{"drawMode":0,"name":"Shaded","section":"Shading Mode"},"sceneLighting":true,"audioPlay":false,"sceneViewState":{"showFog":true,"showMaterialUpdate":true,"showSkybox":true,"showFlares":true,"showImageEffects":true,"showParticleSystems":true},"in2DMode":false,"pivot":{"x":-8.01051139831543,"y":2.945380687713623,"z":-0.697270393371582},"rotation":{"x":-0.00967585388571024,"y":-0.38792842626571658,"z":-0.004073673393577337,"w":0.9216297268867493},"size":22.74953842163086,"orthographic":false}