{"cameraMode":{"drawMode":0,"name":"Shaded","section":"Shading Mode"},"sceneLighting":true,"audioPlay":false,"sceneViewState":{"showFog":true,"showMaterialUpdate":true,"showSkybox":true,"showFlares":true,"showImageEffects":true,"showParticleSystems":true},"in2DMode":false,"pivot":{"x":-35.545936584472659,"y":-62.69492721557617,"z":109.29779052734375},"rotation":{"x":-0.24225357174873353,"y":0.17779754102230073,"z":-0.04521014913916588,"w":-0.9527105689048767},"size":171.9362335205078,"orthographic":false}