{"cameraMode":{"drawMode":0,"name":"Shaded","section":"Shading Mode"},"sceneLighting":false,"audioPlay":false,"sceneViewState":{"showFog":true,"showMaterialUpdate":true,"showSkybox":true,"showFlares":true,"showImageEffects":true,"showParticleSystems":true},"in2DMode":false,"pivot":{"x":-0.9638898372650147,"y":3.6707348823547365,"z":0.27277421951293948},"rotation":{"x":0.3632968068122864,"y":-0.3342074155807495,"z":0.14149685204029084,"w":0.8580790162086487},"size":6.315767765045166,"orthographic":false}