{"cameraMode":{"drawMode":0,"name":"Shaded","section":"Shading Mode"},"sceneLighting":false,"audioPlay":false,"sceneViewState":{"showFog":true,"showMaterialUpdate":true,"showSkybox":true,"showFlares":true,"showImageEffects":true,"showParticleSystems":true},"in2DMode":false,"pivot":{"x":-14.485730171203614,"y":5.419001579284668,"z":14.185346603393555},"rotation":{"x":-0.11543679982423783,"y":0.5245656371116638,"z":-0.072052001953125,"w":-0.8404247760772705},"size":28.734302520751954,"orthographic":false}